#{"t_start": 1650965692.880459, "env_id": "CartPole-v1"}
r,l,t
16.0,16,2.206504
51.0,51,2.410204
26.0,26,2.425921
13.0,13,2.491677
32.0,32,2.582495
136.0,136,2.889488
113.0,113,3.189235
251.0,251,3.732142
79.0,79,3.945176
