#{"t_start": 1650885491.119582, "env_id": "CartPole-v1"}
r,l,t
10.0,10,0.94084
28.0,28,1.0182
21.0,21,1.029832
21.0,21,1.097684
16.0,16,1.106733
46.0,46,1.245638
111.0,111,1.477887
74.0,74,1.713544
92.0,92,1.933587
109.0,109,2.174923
101.0,101,2.401133
