#{"t_start": 1651202761.1113229, "env_id": "Pendulum-v1"}
r,l,t
-993.336154,200,0.084933
-1067.642675,200,0.147278
-848.547632,200,0.208819
-1076.141009,200,0.273253
-757.712626,200,0.334865
-1303.921129,200,0.397613
-867.556034,200,0.459496
-856.892453,200,0.525111
-893.401881,200,0.601054
-1790.555664,200,0.666155
