#{"t_start": 1650969649.1950562, "env_id": "HalfCheetah-v3"}
r,l,t
-213.153638,1000,1.071685
-307.555055,1000,2.172708
-347.303649,1000,3.220501
-327.119364,1000,4.269478
