#{"t_start": 1650965646.0663092, "env_id": "Pendulum-v1"}
r,l,t
-1772.695201,200,1.76985
-1087.919874,200,5.077956
-1421.569605,200,8.361903
-1753.354072,200,11.712588
-1772.521355,200,15.205571
-1508.113178,200,18.646776
-1331.725341,200,22.197475
