#{"t_start": 1651074344.1525629, "env_id": "CartPole-v1"}
r,l,t
22.0,22,0.046442
24.0,24,0.142622
16.0,16,0.15131
31.0,31,0.229072
42.0,42,0.366347
64.0,64,0.516623
15.0,15,0.524737
135.0,135,0.870183
50.0,50,1.013047
182.0,182,1.465225
122.0,122,1.707615
