#{"t_start": 1650971490.65405, "env_id": "MountainCar-v0"}
r,l,t
-200.0,200,0.035976
-200.0,200,0.059508
-200.0,200,0.080435
-200.0,200,0.10187
-200.0,200,0.122264
-200.0,200,0.397573
-200.0,200,0.726401
-200.0,200,0.992914
-200.0,200,1.283099
-200.0,200,1.549986
-200.0,200,1.838281
-200.0,200,2.107059
-200.0,200,2.434043
-200.0,200,2.723777
-200.0,200,3.028958
-200.0,200,3.311166
-200.0,200,3.650956
-200.0,200,3.94958
