#{"t_start": 1651202439.771051, "env_id": "Pendulum-v1"}
r,l,t
-908.73359,200,0.083839
